{
  "kitchenWidth": 5000,
  "kitchenHeight": 3000,
  "components": [
    {
      "x": 0,
      "id": "dad5f00e-170a-4a08-8d86-8d3b02247038",
      "type": "Cabinet",
      "y": 0,
      "width": 450,
      "height": 720,
      "specifications": {
        "finish": "Alabaster Matt",
        "type": "Floor",
        "design": "Cora"
      }
    },
    {
      "x": 450,
      "id": "74a2668d-550d-48d6-a3ba-7e6cc597bba6",
      "type": "Cabinet",
      "y": 0,
      "width": 450,
      "height": 720,
      "specifications": {
        "finish": "Alabaster Matt",
        "type": "Floor",
        "design": "Cora"
      }
    },
    {
      "x": 1370,
      "id": "cb08cc21-91ee-4668-a7c2-9ea1a2044a53",
      "type": "Cabinet",
      "y": 0,
      "width": 450,
      "height": 720,
      "specifications": {
        "finish": "Classic White Matt",
        "type": "Floor",
        "design": "Cora"
      }
    },
    {
      "x": 900,
      "id": "9f5af211-33cd-4bd7-b8ba-39e80af8214b",
      "type": "Fridge",
      "y": 0,
      "width": 470,
      "height": 837,
      "specifications": { "finish": "Stainless Steel", "type": "Side by Side" }
    },
    {
      "x": 1829.25,
      "id": "803b4065-3b48-4102-bd78-cd22c677c77e",
      "type": "Oven",
      "y": 0,
      "width": 595,
      "height": 595,
      "specifications": {
        "finish": "Stainless Steel",
        "type": "Single Door with Cooktop"
      }
    },
    {
      "type": "Cupboard",
      "y": 0,
      "width": 720,
      "height": 720,
      "specifications": { "finish": "Strata Grey Matt", "design": "Sienna IV" },
      "x": 2415,
      "id": "929246dd-401b-4d75-bbd5-fd5f213e09fd",
      "numDraws": 2
    },
    {
      "x": 3135,
      "id": "4565182d-fb51-4d03-89f1-b7423fc0c0df",
      "type": "Pantry",
      "y": 0,
      "width": 300,
      "height": 720,
      "specifications": { "finish": "Dry Sage" }
    },
    {
      "x": 0,
      "id": "1b724f8e-790f-43f2-bb87-4c11d86d8902",
      "type": "Tap",
      "y": 720,
      "width": 50,
      "height": 150,
      "specifications": { "finish": "Stainless Steel" }
    },
    {
      "x": 315,
      "id": "6197ffc9-025f-42dc-b285-d54e0719abc9",
      "type": "Microwave",
      "y": 720,
      "width": 585,
      "height": 470,
      "specifications": {
        "finish": "Stainless Steel",
        "type": "Floor",
        "brand": "Smeg"
      }
    },
    {
      "x": 1827,
      "id": "c9d062b2-ae65-43ed-99f3-4006e996acb6",
      "type": "Canopy",
      "y": 2600,
      "width": 600,
      "height": 400,
      "specifications": { "finish": "Stainless Steel" }
    }
  ]
}
