{"kitchenWidth":5000,"kitchenHeight":3000,"components":[{"id":"ea4a6f9a-56c7-4008-b0b9-471fbc326084","type":"Cabinet","x":0,"y":0,"width":450,"height":720,"specifications":{"finish":"Alabaster Matt","type":"Floor","design":"Cora"}},{"id":"8c821603-471d-4b2b-8b71-79a9e88413d3","type":"Cabinet","x":450,"y":0,"width":450,"height":720,"specifications":{"finish":"Alabaster Matt","type":"Floor","design":"Cora"}},{"id":"0abe37f7-8b6b-4b54-8c4d-c441a53a4cba","type":"Cabinet","x":1370,"y":0,"width":450,"height":720,"specifications":{"finish":"Classic White Matt","type":"Floor","design":"Cora"}},{"id":"6e1eb9eb-f32d-4eb0-870c-b7de4fb70778","type":"Fridge","x":900,"y":0,"width":470,"height":837,"specifications":{"finish":"Stainless Steel","type":"Side by Side"}},{"id":"21e92930-371c-4f51-b4fb-01d20a870594","type":"Oven","x":1829.25,"y":0,"width":595,"height":595,"specifications":{"finish":"Stainless Steel","type":"Single Door with Cooktop"}},{"id":"fe8971ea-337b-4c1e-aec1-ca9a54c702c9","type":"Cupboard","x":2415,"y":0,"width":720,"height":720,"specifications":{"finish":"Strata Grey Matt","design":"Sienna IV"}},{"id":"7a973167-be40-4418-be10-e1753b4b63a0","type":"Pantry","x":3135,"y":0,"width":300,"height":720,"specifications":{"finish":"Dry Sage"}},{"id":"d13710a9-fa41-4895-a6c6-139fedb7f51b","type":"Tap","x":0,"y":720,"width":50,"height":150,"specifications":{"finish":"Stainless Steel"}},{"id":"0ece0737-94d6-4457-9dae-e1c4563c83a5","type":"Microwave","x":315,"y":720,"width":585,"height":470,"specifications":{"finish":"Stainless Steel","type":"Floor","brand":"Smeg"}},{"id":"8bc88496-737f-4227-951b-0fd8d7e5776a","type":"Canopy","x":1827,"y":2600,"width":600,"height":400,"specifications":{"finish":"Stainless Steel"}}]}
