Finish,Colour,RGB
Laminate,Alpine White Quadra,#F3F3F3
Laminate,Jura Marble Gloss Quadra,#D5C3B1
Laminate,Trento Grey Beige Streamline,#A69475
Laminate,Trasimeno Basalt Gloss Quadra,#555450
Laminate,Anthracite Ceramic Streamline,#4E443D
Laminate,Chalk Ceramic Streamline,#CDCABF
Laminate,Pale Lancelot Oak Streamline,#BC9162
Premium Halifax Oak,Natural Halifax Oak Streamline,#9E805D
Premium Halifax Oak,Tobacco Halifax Oak Streamline,#91735A
Noir Black Matt Nano,Noir Black Matt Nano Streamline,#11101A
Caesarstone,Vivid White,#F8F4F1
Caesarstone,Nougat,#F7F0E8
Caesarstone,London Grey,#D7D6CF
Caesarstone,Cloudburst Concrete,#DEDFDC
Caesarstone,Airy Concrete,#B0B2B3
Caesarstone,Noble Grey,#DCD9CB
Caesarstone,Statuario Maximus,#DDD6D0
Caesarstone,Aterra Blanca,#F6F1E6
Caesarstone,Excava,#A08C84
Caesarstone,White Attica,#E5E4E4
Caesarstone,Oyster,#8F8A85
Caesarstone,Raven,#424041
Caesarstone,Vanilla Noir,#2D2E2F
Caesarstone,Jet Black,#27201F
Caesarstone,Empira Black,#060505
Caesarstone,Black tempal,#424648