Primary Type,Seconday Type,Front Type,Number,Width,Height,Depth
floor,conventional,door,1,150,720,560
floor,conventional,door,1,200,720,560
floor,conventional,door,1,300,720,560
floor,conventional,door,1,400,720,560
floor,conventional,door,1,450,720,560
floor,conventional,door,1,500,720,560
floor,conventional,door,1,600,720,560
floor,conventional,door,2,600,720,560
floor,conventional,door,2,700,720,560
floor,conventional,door,2,750,720,560
floor,conventional,door,2,800,720,560
floor,conventional,door,2,900,720,560
floor,conventional,door,2,1000,720,560
floor,conventional,door,2,1050,720,560
floor,conventional,door,2,1200,720,560
floor,corner,door,2,900,720,560
floor,corner,door,1,1000,720,560
floor,conventional,drawer,3,450,720,560
floor,conventional,drawer,4,450,720,560
floor,conventional,drawer,1,600,290,560
floor,conventional,drawer,2,600,720,560
floor,conventional,drawer,3,600,720,560
floor,conventional,drawer,2,900,720,560
floor,conventional,drawer,3,900,720,560
wall,conventional,door,1,150,720,300
wall,conventional,door,1,200,720,300
wall,conventional,door,1,300,720,300
wall,conventional,door,1,400,720,300
wall,conventional,door,1,450,720,300
wall,conventional,door,1,600,720,300
wall,conventional,door,2,600,720,300
wall,conventional,door,2,750,720,300
wall,conventional,door,2,800,720,300
wall,conventional,door,2,900,720,300
wall,conventional,door,2,1050,720,300
wall,conventional,door,2,1200,720,300
wall,corner,door,2,600,720,300
wall,reduced height,door,1,600,360,300
wall,reduced height,door,2,800,360,300
wall,reduced height,door,2,900,360,300
